epoch,train_loss,val_loss,train_mean_iou,val_mean_iou,train_mean_dice,val_mean_dice
1,0.6158724800177983,0.4904228794303807,0.5190188407681214,0.5561422993016523,0.5553810796988603,0.6006015519013989
2,0.45018332379204884,0.4546044401147149,0.5844584484320005,0.5866986705374608,0.6478619281766693,0.6465656011619424
