epoch,train_loss,val_loss,train_mean_iou,val_mean_iou,train_mean_dice,val_mean_dice
1,0.4599988498006548,0.3772767927836288,0.5902927189118587,0.6319042978846527,0.6503724190815982,0.7004253271537795
2,0.35023321202823093,0.3363789042288607,0.6493620567080466,0.658234030465876,0.7295522415026803,0.7332876937589545
